page_id;name;urlslug;ID;ALIGN;EYE;HAIR;SEX;GSM;ALIVE;APPEARANCES;FIRST APPEARANCE;Year
1678;Spider-Man (Peter Parker);\/Spider-Man_(Peter_Parker);Secret Identity;Good Characters;Hazel Eyes;Brown Hair;Male Characters;;Living Characters;4043;Aug-62;1962
7139;Captain America (Steven Rogers);\/Captain_America_(Steven_Rogers);Public Identity;Good Characters;Blue Eyes;White Hair;Male Characters;;Living Characters;3360;Mar-41;1941
64786;"Wolverine (James \""Logan\"" Howlett)";\/Wolverine_(James_%22Logan%22_Howlett);Public Identity;Neutral Characters;Blue Eyes;Black Hair;Male Characters;;Living Characters;3061;Oct-74;1974
1868;"Iron Man (Anthony \""Tony\"" Stark)";\/Iron_Man_(Anthony_%22Tony%22_Stark);Public Identity;Good Characters;Blue Eyes;Black Hair;Male Characters;;Living Characters;2961;Mar-63;1963
2460;Thor (Thor Odinson);\/Thor_(Thor_Odinson);No Dual Identity;Good Characters;Blue Eyes;Blond Hair;Male Characters;;Living Characters;2258;Nov-50;1950
2458;Benjamin Grimm (Earth-616);\/Benjamin_Grimm_(Earth-616);Public Identity;Good Characters;Blue Eyes;No Hair;Male Characters;;Living Characters;2255;Nov-61;1961
2166;Reed Richards (Earth-616);\/Reed_Richards_(Earth-616);Public Identity;Good Characters;Brown Eyes;Brown Hair;Male Characters;;Living Characters;2072;Nov-61;1961
1833;Hulk (Robert Bruce Banner);\/Hulk_(Robert_Bruce_Banner);Public Identity;Good Characters;Brown Eyes;Brown Hair;Male Characters;;Living Characters;2017;May-62;1962
29481;Scott Summers (Earth-616);\/Scott_Summers_(Earth-616);Public Identity;Neutral Characters;Brown Eyes;Brown Hair;Male Characters;;Living Characters;1955;Sep-63;1963
1837;Jonathan Storm (Earth-616);\/Jonathan_Storm_(Earth-616);Public Identity;Good Characters;Blue Eyes;Blond Hair;Male Characters;;Living Characters;1934;Nov-61;1961
15725;Henry McCoy (Earth-616);\/Henry_McCoy_(Earth-616);Public Identity;Good Characters;Blue Eyes;Blue Hair;Male Characters;;Living Characters;1825;Sep-63;1963
1863;Susan Storm (Earth-616);\/Susan_Storm_(Earth-616);Public Identity;Good Characters;Blue Eyes;Blond Hair;Female Characters;;Living Characters;1713;Nov-61;1961
7823;Namor McKenzie (Earth-616);\/Namor_McKenzie_(Earth-616);No Dual Identity;Neutral Characters;Green Eyes;Black Hair;Male Characters;;Living Characters;1528;;
2614;Ororo Munroe (Earth-616);\/Ororo_Munroe_(Earth-616);Public Identity;Good Characters;Blue Eyes;White Hair;Female Characters;;Living Characters;1512;May-75;1975
1803;Clinton Barton (Earth-616);\/Clinton_Barton_(Earth-616);Public Identity;Good Characters;Blue Eyes;Blond Hair;Male Characters;;Living Characters;1394;Sep-64;1964
1396;Matthew Murdock (Earth-616);\/Matthew_Murdock_(Earth-616);Public Identity;Good Characters;Blue Eyes;Red Hair;Male Characters;;Living Characters;1338;Apr-64;1964
55534;Stephen Strange (Earth-616);\/Stephen_Strange_(Earth-616);Public Identity;Good Characters;Grey Eyes;Black Hair;Male Characters;;Living Characters;1307;Jul-63;1963
1978;Mary Jane Watson (Earth-616);\/Mary_Jane_Watson_(Earth-616);No Dual Identity;Good Characters;Green Eyes;Red Hair;Female Characters;;Living Characters;1304;Jun-65;1965
1872;John Jonah Jameson (Earth-616);\/John_Jonah_Jameson_(Earth-616);No Dual Identity;Neutral Characters;Blue Eyes;Black Hair;Male Characters;;Living Characters;1266;Mar-63;1963
35350;Robert Drake (Earth-616);\/Robert_Drake_(Earth-616);Secret Identity;Good Characters;Brown Eyes;Brown Hair;Male Characters;;Living Characters;1265;Sep-63;1963
1557;Henry Pym (Earth-616);\/Henry_Pym_(Earth-616);Public Identity;Good Characters;Blue Eyes;Blond Hair;Male Characters;;Living Characters;1237;Jan-62;1962
65255;Charles Xavier (Earth-616);\/Charles_Xavier_(Earth-616);Public Identity;Good Characters;Blue Eyes;Bald;Male Characters;;Deceased Characters;1233;Sep-63;1963
1073;Warren Worthington III (Earth-616);\/Warren_Worthington_III_(Earth-616);Public Identity;Good Characters;Blue Eyes;Blond Hair;Male Characters;;Living Characters;1230;Sep-63;1963
1346;Piotr Rasputin (Earth-616);\/Piotr_Rasputin_(Earth-616);Secret Identity;Good Characters;Blue Eyes;Black Hair;Male Characters;;Living Characters;1162;May-75;1975
2512;Wanda Maximoff (Earth-616);\/Wanda_Maximoff_(Earth-616);Public Identity;Good Characters;Green Eyes;Brown Hair;Female Characters;;Living Characters;1161;Mar-64;1964
1671;Nicholas Fury (Earth-616);\/Nicholas_Fury_(Earth-616);No Dual Identity;Neutral Characters;Brown Eyes;Brown Hair;Male Characters;;Living Characters;1137;May-63;1963
1976;Janet van Dyne (Earth-616);\/Janet_van_Dyne_(Earth-616);Public Identity;Good Characters;Blue Eyes;Auburn Hair;Female Characters;;Living Characters;1120;Jun-63;1963
65219;Jean Grey (Earth-616);\/Jean_Grey_(Earth-616);Public Identity;Good Characters;Green Eyes;Red Hair;Female Characters;;Deceased Characters;1107;Sep-63;1963
6545;Natalia Romanova (Earth-616);\/Natalia_Romanova_(Earth-616);Public Identity;Good Characters;Green Eyes;Red Hair;Female Characters;Bisexual Characters;Living Characters;1050;Apr-64;1964
2223;Kurt Wagner (Earth-616);\/Kurt_Wagner_(Earth-616);Secret Identity;Good Characters;Yellow Eyes;Blue Hair;Male Characters;;Living Characters;1047;May-75;1975
2414;Vision (Earth-616);\/Vision_(Earth-616);Secret Identity;Good Characters;Gold Eyes;No Hair;Male Characters;;Living Characters;1007;Oct-68;1968
8650;May Reilly (Earth-616);\/May_Reilly_(Earth-616);No Dual Identity;Good Characters;Blue Eyes;Grey Hair;Female Characters;;Living Characters;1000;Aug-62;1962
2527;Katherine Pryde (Earth-616);\/Katherine_Pryde_(Earth-616);Secret Identity;Good Characters;Hazel Eyes;Brown Hair;Female Characters;;Living Characters;886;Jan-80;1980
1970;Carol Danvers (Earth-616);\/Carol_Danvers_(Earth-616);Public Identity;Good Characters;Blue Eyes;Blond Hair;Female Characters;;Living Characters;881;Mar-68;1968
37690;Jennifer Walters (Earth-616);\/Jennifer_Walters_(Earth-616);Public Identity;Good Characters;Green Eyes;Brown Hair;Female Characters;;Living Characters;881;Feb-80;1980
3765;Emma Frost (Earth-616);\/Emma_Frost_(Earth-616);Public Identity;Neutral Characters;Blue Eyes;Brown Hair;Female Characters;;Living Characters;880;Jan-80;1980
2312;Frank Castle (Earth-616);\/Frank_Castle_(Earth-616);Public Identity;Neutral Characters;Blue Eyes;Black Hair;Male Characters;;Living Characters;878;Feb-74;1974
1265;Luke Cage (Earth-616);\/Luke_Cage_(Earth-616);No Dual Identity;Good Characters;Brown Eyes;Black Hair;Male Characters;;Living Characters;856;Jun-72;1972
1677;Rogue (Anna Marie) (Earth-616);\/Rogue_(Anna_Marie)_(Earth-616);Secret Identity;Good Characters;Green Eyes;Auburn Hair;Female Characters;;Living Characters;850;;
25222;Conan (Earth-616);\/Conan_(Earth-616);No Dual Identity;Neutral Characters;Blue Eyes;Black Hair;Male Characters;;Living Characters;787;Oct-70;1970
6537;Joseph Robertson (Earth-616);\/Joseph_Robertson_(Earth-616);No Dual Identity;Good Characters;Brown Eyes;White Hair;Male Characters;;Living Characters;752;Aug-67;1967
1592;Pietro Maximoff (Earth-616);\/Pietro_Maximoff_(Earth-616);Public Identity;Good Characters;Blue Eyes;Silver Hair;Male Characters;;Living Characters;740;Mar-64;1964
1818;Hercules (Earth-616);\/Hercules_(Earth-616);No Dual Identity;Good Characters;Blue Eyes;Brown Hair;Male Characters;Bisexual Characters;Living Characters;725;Oct-65;1965
1448;Victor von Doom (Earth-616);\/Victor_von_Doom_(Earth-616);Public Identity;Bad Characters;Brown Eyes;Brown Hair;Male Characters;;Living Characters;721;Jul-62;1962
2081;Max Eisenhardt (Earth-616);\/Max_Eisenhardt_(Earth-616);Public Identity;Neutral Characters;Grey Eyes;Bald;Male Characters;;Living Characters;709;Sep-63;1963
2307;Elizabeth Braddock (Earth-616);\/Elizabeth_Braddock_(Earth-616);Secret Identity;Neutral Characters;Blue Eyes;Purple Hair;Female Characters;Bisexual Characters;Living Characters;708;Dec-76;1976
2556;Norrin Radd (Earth-616);\/Norrin_Radd_(Earth-616);Public Identity;Good Characters;Blue Eyes;Bald;Male Characters;;Living Characters;696;Mar-66;1966
1740;Norman Osborn (Earth-616);\/Norman_Osborn_(Earth-616);Public Identity;Bad Characters;Blue Eyes;Auburn Hair;Male Characters;;Living Characters;692;Jul-64;1964
8651;Eugene Thompson (Earth-616);\/Eugene_Thompson_(Earth-616);Secret Identity;Good Characters;Blue Eyes;Strawberry Blond Hair;Male Characters;;Living Characters;689;Aug-62;1962
2009;Simon Williams (Earth-616);\/Simon_Williams_(Earth-616);Public Identity;Good Characters;Red Eyes;Grey Hair;Male Characters;;Living Characters;686;Oct-64;1964
1276;Samuel Guthrie (Earth-616);\/Samuel_Guthrie_(Earth-616);Secret Identity;Good Characters;Blue Eyes;Blond Hair;Male Characters;;Living Characters;657;Nov-82;1982
15823;James Buchanan Barnes (Earth-616);\/James_Buchanan_Barnes_(Earth-616);Secret Identity;Good Characters;Brown Eyes;Brown Hair;Male Characters;;Living Characters;641;Mar-41;1941
1680;Remy LeBeau (Earth-616);\/Remy_LeBeau_(Earth-616);Secret Identity;Good Characters;Black Eyeballs;Brown Hair;Male Characters;;Living Characters;636;Jul-90;1990
1866;Daniel Rand (Earth-616);\/Daniel_Rand_(Earth-616);Secret Identity;Good Characters;Blue Eyes;Blond Hair;Male Characters;;Living Characters;618;May-74;1974
32498;Nathan Summers (Earth-616);\/Nathan_Summers_(Earth-616);Public Identity;Neutral Characters;Blue Eyes;White Hair;Male Characters;;Living Characters;612;Jan-86;1986
1772;Elizabeth Brant (Earth-616);\/Elizabeth_Brant_(Earth-616);No Dual Identity;Good Characters;Brown Eyes;Brown Hair;Female Characters;;Living Characters;599;Sep-63;1963
1896;Richard Jones (Earth-616);\/Richard_Jones_(Earth-616);Secret Identity;Good Characters;Brown Eyes;Brown Hair;Male Characters;;Living Characters;590;May-62;1962
1496;Edwin Jarvis (Earth-616);\/Edwin_Jarvis_(Earth-616);No Dual Identity;Good Characters;Blue Eyes;White Hair;Male Characters;;Living Characters;567;Nov-64;1964
1802;Alexander Summers (Earth-616);\/Alexander_Summers_(Earth-616);Public Identity;Good Characters;Blue Eyes;Blond Hair;Male Characters;;Living Characters;558;Mar-69;1969
1811;Patricia Walker (Earth-616);\/Patricia_Walker_(Earth-616);Secret Identity;Good Characters;Blue Eyes;Red Hair;Female Characters;;Living Characters;550;Nov-44;1944
1836;Human Torch (Android) (Earth-616);\/Human_Torch_(Android)_(Earth-616);Public Identity;Good Characters;Blue Eyes;Blond Hair;Male Characters;;Living Characters;548;Oct-39;1939
2042;Loki Laufeyson (Earth-616);\/Loki_Laufeyson_(Earth-616);No Dual Identity;Neutral Characters;Green Eyes;Black Hair;Genderfluid Characters;Bisexual Characters;Living Characters;532;Aug-49;1949
1643;Franklin Nelson (Earth-616);\/Franklin_Nelson_(Earth-616);No Dual Identity;Good Characters;Blue Eyes;Bald;Male Characters;;Living Characters;528;Apr-64;1964
1285;Brian Braddock (Earth-616);\/Brian_Braddock_(Earth-616);Public Identity;Good Characters;Blue Eyes;Blond Hair;Male Characters;;Living Characters;528;Oct-76;1976
1453;Otto Octavius (Earth-616);\/Otto_Octavius_(Earth-616);Secret Identity;Neutral Characters;Hazel Eyes;Brown Hair;Male Characters;;Deceased Characters;526;Jul-63;1963
6194;James Rhodes (Earth-616);\/James_Rhodes_(Earth-616);Secret Identity;Good Characters;Brown Eyes;Brown Hair;Male Characters;;Living Characters;525;Jan-79;1979
1487;Timothy Dugan (Earth-616);\/Timothy_Dugan_(Earth-616);Public Identity;Good Characters;Blue Eyes;Red Hair;Male Characters;;Deceased Characters;517;May-63;1963
1380;Crystalia Amaquelin (Earth-616);\/Crystalia_Amaquelin_(Earth-616);Public Identity;Good Characters;Green Eyes;Strawberry Blond Hair;Female Characters;;Living Characters;512;Dec-65;1965
1613;Samuel Wilson (Earth-616);\/Samuel_Wilson_(Earth-616);Public Identity;Good Characters;Brown Eyes;Black Hair;Male Characters;;Living Characters;512;Sep-69;1969
1931;Wilson Fisk (Earth-616);\/Wilson_Fisk_(Earth-616);Public Identity;Bad Characters;Blue Eyes;Bald;Male Characters;;Living Characters;503;Jul-67;1967
1596;Odin Borson (Earth-616);\/Odin_Borson_(Earth-616);Public Identity;Neutral Characters;Blue Eyes;White Hair;Male Characters;;Living Characters;502;Oct-62;1962
1409;Deadpool (Wade Wilson);\/Deadpool_(Wade_Wilson);Secret Identity;Neutral Characters;Brown Eyes;Bald;Male Characters;Transvestites;Living Characters;500;Feb-91;1991
1187;Dane Whitman (Earth-616);\/Dane_Whitman_(Earth-616);Secret Identity;Good Characters;Brown Eyes;Brown Hair;Male Characters;;Living Characters;478;Dec-67;1967
1741;Harold Osborn (Earth-616);\/Harold_Osborn_(Earth-616);No Dual Identity;Good Characters;Blue Eyes;Brown Hair;Male Characters;;Living Characters;474;Dec-65;1965
68416;Franklin Richards (Earth-616);\/Franklin_Richards_(Earth-616);No Dual Identity;Good Characters;Blue Eyes;Blond Hair;Male Characters;;Living Characters;473;Nov-68;1968
2589;Jessica Drew (Earth-616);\/Jessica_Drew_(Earth-616);Secret Identity;Good Characters;Green Eyes;Auburn Hair;Female Characters;;Living Characters;471;Feb-77;1977
2626;Roberto da Costa (Earth-616);\/Roberto_da_Costa_(Earth-616);Secret Identity;Good Characters;Brown Eyes;Black Hair;Male Characters;;Living Characters;464;Nov-82;1982
2007;Rahne Sinclair (Earth-616);\/Rahne_Sinclair_(Earth-616);Secret Identity;Good Characters;Green Eyes;Red Hair;Female Characters;;Living Characters;448;Nov-82;1982
1130;Elizabeth Ross (Earth-616);\/Elizabeth_Ross_(Earth-616);Public Identity;Good Characters;Blue Eyes;Black Hair;Female Characters;;Living Characters;446;May-62;1962
2278;Lorna Dane (Earth-616);\/Lorna_Dane_(Earth-616);Secret Identity;Good Characters;Green Eyes;Green Hair;Female Characters;;Living Characters;433;Oct-68;1968
67048;Blaine Colt (Earth-616);\/Blaine_Colt_(Earth-616);Public Identity;;Blue Eyes;Blond Hair;Male Characters;;Deceased Characters;429;;
1705;Johnathon Blaze (Earth-616);\/Johnathon_Blaze_(Earth-616);Secret Identity;Good Characters;Blue Eyes;Reddish Blond Hair;Male Characters;;Living Characters;426;Aug-72;1972
2550;Sif (Earth-616);\/Sif_(Earth-616);No Dual Identity;Good Characters;Blue Eyes;Black Hair;Female Characters;;Living Characters;422;Mar-64;1964
2365;Red Hulk (Thaddeus Ross);\/Red_Hulk_(Thaddeus_Ross);Public Identity;Neutral Characters;Blue Eyes;Black Hair;Male Characters;;Living Characters;415;May-62;1962
1900;Jubilation Lee (Earth-616);\/Jubilation_Lee_(Earth-616);Secret Identity;Good Characters;Brown Eyes;Black Hair;Female Characters;;Living Characters;408;May-89;1989
2420;Volstagg (Earth-616);\/Volstagg_(Earth-616);Public Identity;Good Characters;Blue Eyes;Red Hair;Male Characters;;Living Characters;406;Aug-65;1965
1127;Balder Odinson (Earth-616);\/Balder_Odinson_(Earth-616);Secret Identity;Good Characters;Blue Eyes;Brown Hair;Male Characters;;Deceased Characters;403;Oct-62;1962
1676;Galactus (Earth-616);\/Galactus_(Earth-616);Secret Identity;Neutral Characters;Brown Eyes;No Hair;Male Characters;;Living Characters;390;Mar-66;1966
1395;Danielle Moonstar (Earth-616);\/Danielle_Moonstar_(Earth-616);Secret Identity;Good Characters;Brown Eyes;Black Hair;Female Characters;;Living Characters;388;Nov-82;1982
2183;Marc Spector (Earth-616);\/Marc_Spector_(Earth-616);Secret Identity;Good Characters;Brown Eyes;Brown Hair;Male Characters;;Living Characters;387;Aug-75;1975
1782;Gwendolyne Stacy (Earth-616);\/Gwendolyne_Stacy_(Earth-616);No Dual Identity;Good Characters;Blue Eyes;Blond Hair;Female Characters;;Deceased Characters;384;Dec-65;1965
2137;Medusalith Amaquelin (Earth-616);\/Medusalith_Amaquelin_(Earth-616);Public Identity;Good Characters;Green Eyes;Red Hair;Female Characters;;Living Characters;382;Mar-65;1965
2374;Sabretooth (Victor Creed);\/Sabretooth_(Victor_Creed);Secret Identity;Bad Characters;Amber Eyes;Blond Hair;Male Characters;;Living Characters;382;Aug-77;1977
2077;Illyana Rasputina (Earth-616);\/Illyana_Rasputina_(Earth-616);Secret Identity;Neutral Characters;Blue Eyes;Blond Hair;Female Characters;;Living Characters;380;May-75;1975
2344;Johann Shmidt (Earth-616);\/Johann_Shmidt_(Earth-616);Public Identity;Bad Characters;Blue Eyes;Blond Hair;Male Characters;;Deceased Characters;376;Aug-41;1941
1616;Fandral (Earth-616);\/Fandral_(Earth-616);Secret Identity;Good Characters;Blue Eyes;Blond Hair;Male Characters;;Deceased Characters;375;Aug-65;1965
1131;Sean Cassidy (Earth-616);\/Sean_Cassidy_(Earth-616);Secret Identity;Neutral Characters;Green Eyes;Strawberry Blond Hair;Male Characters;;Living Characters;374;Jan-67;1967
2487;Thomas Raymond (Earth-616);\/Thomas_Raymond_(Earth-616);Secret Identity;Good Characters;Blue Eyes;Black Hair;Male Characters;;Living Characters;373;Sep-40;1940
1572;Uatu (Earth-616);\/Uatu_(Earth-616);Public Identity;Good Characters;Blue Eyes;Bald;Male Characters;;Deceased Characters;373;Apr-63;1963
2239;Richard Rider (Earth-616);\/Richard_Rider_(Earth-616);Public Identity;Good Characters;Brown Eyes;Brown Hair;Male Characters;;Deceased Characters;373;Sep-76;1976
1827;Hogun (Earth-616);\/Hogun_(Earth-616);Public Identity;Good Characters;Grey Eyes;Black Hair;Male Characters;;Living Characters;371;Aug-65;1965
55878;Raven Darkholme (Earth-616);\/Raven_Darkholme_(Earth-616);Secret Identity;Bad Characters;Yellow Eyes;Red Hair;Female Characters;Bisexual Characters;Living Characters;371;Apr-78;1978
2173;Barbara Morse (Earth-616);\/Barbara_Morse_(Earth-616);Secret Identity;Good Characters;Blue Eyes;Blond Hair;Female Characters;;Living Characters;368;Jun-71;1971
1179;Blackagar Boltagon (Earth-616);\/Blackagar_Boltagon_(Earth-616);No Dual Identity;Good Characters;Blue Eyes;Black Hair;Male Characters;;Living Characters;366;Dec-65;1965
2392;Brunnhilde (Earth-616);\/Brunnhilde_(Earth-616);Secret Identity;Good Characters;Blue Eyes;Blond Hair;Female Characters;;Living Characters;361;Dec-70;1970
1404;Alison Blaire (Earth-616);\/Alison_Blaire_(Earth-616);Public Identity;Good Characters;Blue Eyes;Strawberry Blond Hair;Female Characters;;Living Characters;353;Feb-80;1980
18186;Venom (Symbiote) (Earth-616);\/Venom_(Symbiote)_(Earth-616);Known to Authorities Identity;Neutral Characters;Variable Eyes;No Hair;Agender Characters;;Living Characters;348;May-84;1984
1586;John Walker (Earth-616);\/John_Walker_(Earth-616);Secret Identity;Good Characters;Blue Eyes;Blond Hair;Male Characters;;Living Characters;346;Nov-86;1986
2440;Greer Grant (Earth-616);\/Greer_Grant_(Earth-616);Public Identity;Good Characters;Green Eyes;Black Hair;Female Characters;;Living Characters;342;Nov-72;1972
2185;Karla Sofen (Earth-616);\/Karla_Sofen_(Earth-616);Public Identity;Neutral Characters;Blue Eyes;Blond Hair;Female Characters;;Living Characters;340;Dec-75;1975
2382;William Baker (Earth-616);\/William_Baker_(Earth-616);Secret Identity;Neutral Characters;Brown Eyes;Brown Hair;Male Characters;;Living Characters;338;Sep-63;1963
1300;Sharon Carter (Earth-616);\/Sharon_Carter_(Earth-616);Public Identity;Good Characters;Blue Eyes;Blond Hair;Female Characters;;Living Characters;332;Mar-66;1966
1180;Felicia Hardy (Earth-616);\/Felicia_Hardy_(Earth-616);Public Identity;Bad Characters;;Blond Hair;Female Characters;;Living Characters;332;Jul-79;1979
1901;Cain Marko (Earth-616);\/Cain_Marko_(Earth-616);Public Identity;Neutral Characters;Blue Eyes;Red Hair;Male Characters;;Living Characters;329;Jul-65;1965
37751;Monica Rambeau (Earth-616);\/Monica_Rambeau_(Earth-616);Secret Identity;Good Characters;Brown Eyes;Black Hair;Female Characters;;Living Characters;327;;
20978;Maria Hill (Earth-616);\/Maria_Hill_(Earth-616);No Dual Identity;Good Characters;Brown Eyes;Black Hair;Female Characters;;Living Characters;325;Apr-05;2005
1161;Ben Urich (Earth-616);\/Ben_Urich_(Earth-616);No Dual Identity;Good Characters;Brown Eyes;Brown Hair;Male Characters;;Living Characters;324;Jul-78;1978
2182;Heather Douglas (Earth-616);\/Heather_Douglas_(Earth-616);Secret Identity;Good Characters;Blue Eyes;Bald;Female Characters;Bisexual Characters;Living Characters;323;Jan-73;1973
100209;Millicent Collins (Earth-616);\/Millicent_Collins_(Earth-616);Public Identity;;Blue Eyes;Blond Hair;Female Characters;;Living Characters;321;Dec-45;1945
1973;James Proudstar (Earth-616);\/James_Proudstar_(Earth-616);Secret Identity;Good Characters;Brown Eyes;Black Hair;Male Characters;;Living Characters;320;Jun-84;1984
1633;Angelica Jones (Earth-616);\/Angelica_Jones_(Earth-616);Known to Authorities Identity;Good Characters;Green Eyes;Red Hair;Female Characters;;Living Characters;319;May-85;1985
11857;Edward Brock (Earth-616);\/Edward_Brock_(Earth-616);Public Identity;Neutral Characters;Black Eyes;Blond Hair;Male Characters;;Living Characters;318;Sep-86;1986
2513;MacDonald Gargan (Earth-616);\/MacDonald_Gargan_(Earth-616);Secret Identity;Bad Characters;Brown Eyes;Bald;Male Characters;;Living Characters;317;Dec-64;1964
2146;Mephisto (Earth-616);\/Mephisto_(Earth-616);No Dual Identity;Bad Characters;White Eyes;Black Hair;Male Characters;;Living Characters;316;Dec-68;1968
7630;Tabitha Smith (Earth-616);\/Tabitha_Smith_(Earth-616);Secret Identity;Good Characters;Blue Eyes;Blond Hair;Female Characters;;Living Characters;316;Nov-85;1985
2238;Jean-Paul Beaubier (Earth-616);\/Jean-Paul_Beaubier_(Earth-616);Secret Identity;Good Characters;Blue Eyes;Black Hair;Male Characters;Homosexual Characters;Living Characters;313;Apr-79;1979
1706;Daniel Ketch (Earth-616);\/Daniel_Ketch_(Earth-616);Secret Identity;Neutral Characters;Green Eyes;Brown Hair;Male Characters;;Living Characters;311;May-90;1990
1460;Neena Thurman (Earth-616);\/Neena_Thurman_(Earth-616);Secret Identity;Good Characters;Blue Eyes;Black Hair;Female Characters;;Living Characters;310;Mar-92;1992
2010;Wong (Earth-616);\/Wong_(Earth-616);No Dual Identity;Good Characters;Brown Eyes;Bald;Male Characters;;Living Characters;306;Jul-63;1963
2456;Thanos (Earth-616);\/Thanos_(Earth-616);No Dual Identity;Bad Characters;Red Eyes;No Hair;Male Characters;;Living Characters;306;Feb-73;1973
15282;Shang-Chi (Earth-616);\/Shang-Chi_(Earth-616);No Dual Identity;Good Characters;Brown Eyes;Black Hair;Male Characters;;Living Characters;296;Dec-73;1973
4704;Alicia Masters (Earth-616);\/Alicia_Masters_(Earth-616);No Dual Identity;Good Characters;Brown Eyes;Strawberry Blond Hair;Female Characters;;Living Characters;293;Nov-62;1962
5708;Robert Baldwin (Earth-616);\/Robert_Baldwin_(Earth-616);Secret Identity;Good Characters;Blue Eyes;Blond Hair;Male Characters;;Living Characters;293;Sep-88;1988
1902;Vance Astrovik (Earth-616);\/Vance_Astrovik_(Earth-616);Public Identity;Good Characters;Hazel Eyes;Brown Hair;Male Characters;;Living Characters;290;Jul-75;1975
6633;Wendell Vaughn (Earth-616);\/Wendell_Vaughn_(Earth-616);Secret Identity;Good Characters;Blue Eyes;Blond Hair;Male Characters;;Living Characters;290;Jan-78;1978
100716;Chili Storm (Earth-616);\/Chili_Storm_(Earth-616);Public Identity;;Green Eyes;Red Hair;Female Characters;Homosexual Characters;Living Characters;284;Oct-48;1948
4565;Abner Jenkins (Earth-616);\/Abner_Jenkins_(Earth-616);Public Identity;Good Characters;Brown Eyes;Brown Hair;Male Characters;;Living Characters;284;Aug-64;1964
1505;Elektra Natchios (Earth-616);\/Elektra_Natchios_(Earth-616);Secret Identity;Neutral Characters;Blue Eyes;Black Hair;Female Characters;;Living Characters;280;Jan-81;1981
1256;Bullseye (Lester) (Earth-616);\/Bullseye_(Lester)_(Earth-616);Secret Identity;Bad Characters;Blue Eyes;Blond Hair;Male Characters;;Living Characters;277;Mar-76;1976
119507;Forge (Earth-616);\/Forge_(Earth-616);Public Identity;Good Characters;Brown Eyes;Black Hair;Male Characters;;Living Characters;276;Aug-84;1984
9106;Virginia Potts (Earth-616);\/Virginia_Potts_(Earth-616);No Dual Identity;Good Characters;Green Eyes;Red Hair;Female Characters;;Living Characters;274;Sep-63;1963
2383;Walter Langkowski (Earth-616);\/Walter_Langkowski_(Earth-616);Secret Identity;Good Characters;Blue Eyes;Blond Hair;Male Characters;;Living Characters;273;Apr-79;1979
1733;Gorgon (Earth-616);\/Gorgon_(Earth-616);Secret Identity;Good Characters;Brown Eyes;Brown Hair;Male Characters;;Living Characters;272;Nov-65;1965
37689;James Madrox (Earth-616);\/James_Madrox_(Earth-616);Public Identity;Good Characters;Brown Eyes;Brown Hair;Male Characters;;Living Characters;271;Feb-75;1975
1808;Heimdall (Earth-616);\/Heimdall_(Earth-616);Secret Identity;Good Characters;Grey Eyes;Brown Hair;Male Characters;;Living Characters;270;Oct-62;1962
2558;Theresa Cassidy (Earth-616);\/Theresa_Cassidy_(Earth-616);Secret Identity;Good Characters;Green Eyes;Red Hair;Female Characters;;Living Characters;267;Apr-81;1981
1565;Laura Kinney (Earth-616);\/Laura_Kinney_(Earth-616);Secret Identity;Good Characters;Green Eyes;Black Hair;Female Characters;;Living Characters;265;Feb-04;2004
33447;Arthur Douglas (Earth-616);\/Arthur_Douglas_(Earth-616);Secret Identity;Good Characters;Blue Eyes;Brown Hair;Male Characters;;Living Characters;264;Feb-73;1973
2511;Peter Parker (Ben Reilly) (Earth-616);\/Peter_Parker_(Ben_Reilly)_(Earth-616);Secret Identity;Good Characters;Hazel Eyes;Blond Hair;Male Characters;;Deceased Characters;263;Oct-75;1975
1971;Warlock (Technarch) (Earth-616);\/Warlock_(Technarch)_(Earth-616);Secret Identity;Good Characters;Black Eyes;No Hair;Male Characters;;Living Characters;261;Aug-84;1984
1903;Kevin Plunder (Earth-616);\/Kevin_Plunder_(Earth-616);Public Identity;Good Characters;Blue Eyes;Blond Hair;Male Characters;;Living Characters;260;Mar-65;1965
1445;Leonard Samson (Earth-616);\/Leonard_Samson_(Earth-616);Public Identity;Good Characters;Brown Eyes;Green Hair;Male Characters;;Deceased Characters;260;Jul-71;1971
2582;Melissa Gold (Earth-616);\/Melissa_Gold_(Earth-616);Secret Identity;Good Characters;Green Eyes;Blond Hair;Female Characters;;Living Characters;260;Aug-79;1979
2037;Lockheed (Earth-616);\/Lockheed_(Earth-616);Secret Identity;Good Characters;;No Hair;Male Characters;;Living Characters;260;Feb-83;1983
1935;Mercedes Knight (Earth-616);\/Mercedes_Knight_(Earth-616);Public Identity;Good Characters;Brown Eyes;Black Hair;Female Characters;;Living Characters;259;Mar-72;1972
2060;Moira Kinross (Earth-616);\/Moira_Kinross_(Earth-616);No Dual Identity;Good Characters;Blue Eyes;Brown Hair;Female Characters;;Deceased Characters;259;Dec-75;1975
1915;Karnak (Earth-616);\/Karnak_(Earth-616);Secret Identity;Good Characters;Blue Eyes;Black Hair;Male Characters;;Deceased Characters;257;Dec-65;1965
2204;Namorita Prentiss (Earth-616);\/Namorita_Prentiss_(Earth-616);Public Identity;Good Characters;Blue Eyes;Blond Hair;Female Characters;;Deceased Characters;257;Jun-72;1972
2038;Lockjaw (Earth-616);\/Lockjaw_(Earth-616);Secret Identity;Good Characters;Brown Eyes;Brown Hair;Male Characters;;Living Characters;255;Dec-65;1965
1029;Adam Warlock (Earth-616);\/Adam_Warlock_(Earth-616);No Dual Identity;Good Characters;White Eyes;Gold Hair;Male Characters;;Living Characters;252;Sep-67;1967
2407;Heather McNeil (Earth-616);\/Heather_McNeil_(Earth-616);Public Identity;Neutral Characters;Green Eyes;Red Hair;Female Characters;;Living Characters;252;Nov-80;1980
2034;Curtis Connors (Earth-616);\/Curtis_Connors_(Earth-616);Public Identity;Neutral Characters;Red Eyes;No Hair;Male Characters;;Living Characters;250;Nov-63;1963
2097;Theodore Sallis (Earth-616);\/Theodore_Sallis_(Earth-616);Secret Identity;Good Characters;Red Eyes;No Hair;Male Characters;;Living Characters;249;May-71;1971
2421;Adrian Toomes (Earth-616);\/Adrian_Toomes_(Earth-616);Public Identity;Bad Characters;Hazel Eyes;Bald;Male Characters;;Living Characters;248;May-63;1963
1514;Amora (Earth-616);\/Amora_(Earth-616);Public Identity;Bad Characters;Green Eyes;Blond Hair;Female Characters;;Living Characters;247;Apr-64;1964
1335;Clea (Earth-616);\/Clea_(Earth-616);No Dual Identity;Good Characters;Blue Eyes;White Hair;Female Characters;;Living Characters;247;Nov-64;1964
1289;Mar-Vell (Earth-616);\/Mar-Vell_(Earth-616);Public Identity;Good Characters;Blue Eyes;Blond Hair;Male Characters;;Deceased Characters;245;Dec-67;1967
2309;Eugene Judd (Earth-616);\/Eugene_Judd_(Earth-616);Public Identity;Good Characters;Brown Eyes;Bald;Male Characters;;Living Characters;245;Aug-83;1983
1813;Daimon Hellstrom (Earth-616);\/Daimon_Hellstrom_(Earth-616);No Dual Identity;Neutral Characters;Red Eyes;Red Hair;Male Characters;;Living Characters;242;Sep-73;1973
76396;John Jonah Jameson III (Earth-616);\/John_Jonah_Jameson_III_(Earth-616);No Dual Identity;Good Characters;Brown Eyes;Auburn Hair;Male Characters;;Living Characters;240;Mar-63;1963
2497;Triton (Earth-616);\/Triton_(Earth-616);No Dual Identity;Good Characters;Green Eyes;No Hair;Male Characters;;Living Characters;240;Dec-65;1965
2138;Meggan Puceanu (Earth-616);\/Meggan_Puceanu_(Earth-616);Secret Identity;Good Characters;;;Female Characters;;Living Characters;240;Dec-83;1983
6517;Robert Reynolds (Earth-616);\/Robert_Reynolds_(Earth-616);Secret Identity;Neutral Characters;Blue Eyes;Blond Hair;Male Characters;;Living Characters;240;Sep-00;2000
2351;Aleksei Sytsevich (Earth-616);\/Aleksei_Sytsevich_(Earth-616);Secret Identity;Bad Characters;Brown Eyes;Brown Hair;Male Characters;;Deceased Characters;239;Oct-66;1966
15903;Santo Vaccarro (Earth-616);\/Santo_Vaccarro_(Earth-616);Secret Identity;Good Characters;White Eyes;No Hair;Male Characters;;Living Characters;238;Sep-03;2003
2335;Jonathan Clay (Earth-616);\/Jonathan_Clay_(Earth-616);Secret Identity;Good Characters;Blue Eyes;Red Hair;Male Characters;Homosexual Characters;Living Characters;237;Aug-60;1960
1095;Ares (Earth-616);\/Ares_(Earth-616);Secret Identity;Neutral Characters;Brown Eyes;Brown Hair;Male Characters;;Deceased Characters;236;Apr-49;1949
2523;Sersi (Earth-616);\/Sersi_(Earth-616);Secret Identity;Good Characters;Blue Eyes;Black Hair;Female Characters;;Living Characters;236;Sep-76;1976
2617;Guido Carosella (Earth-616);\/Guido_Carosella_(Earth-616);Secret Identity;Neutral Characters;Brown Eyes;Bald;Male Characters;;Living Characters;236;Jul-85;1985
1533;Zabu (Earth-616);\/Zabu_(Earth-616);Public Identity;Good Characters;Green Eyes;Orange Hair;Male Characters;;Living Characters;234;Mar-65;1965
2186;Michael Morbius (Earth-616);\/Michael_Morbius_(Earth-616);Secret Identity;Neutral Characters;Red Eyes;Black Hair;Male Characters;;Living Characters;231;Oct-71;1971
2353;Julio Richter (Earth-616);\/Julio_Richter_(Earth-616);Secret Identity;Good Characters;Brown Eyes;Brown Hair;Male Characters;Homosexual Characters;Living Characters;231;Jun-87;1987
15511;Phoenix Force (Earth-616);\/Phoenix_Force_(Earth-616);Secret Identity;Neutral Characters;;No Hair;;;Deceased Characters;229;Oct-76;1976
15907;Megan Gwynn (Earth-616);\/Megan_Gwynn_(Earth-616);Public Identity;Good Characters;Black Eyeballs;Pink Hair;Female Characters;;Living Characters;229;Nov-04;2004
2724;Kyle Richmond (Earth-616);\/Kyle_Richmond_(Earth-616);Secret Identity;Good Characters;Brown Eyes;Auburn Hair;Male Characters;;Living Characters;227;Oct-69;1969
1911;Karen Page (Earth-616);\/Karen_Page_(Earth-616);No Dual Identity;Good Characters;Blue Eyes;Blond Hair;Female Characters;;Deceased Characters;226;Apr-64;1964
1336;Tyrone Johnson (Earth-616);\/Tyrone_Johnson_(Earth-616);Secret Identity;Good Characters;Brown Eyes;Black Hair;Male Characters;;Living Characters;226;Mar-82;1982
1503;Maxwell Dillon (Earth-616);\/Maxwell_Dillon_(Earth-616);Public Identity;Bad Characters;Blue Eyes;Auburn Hair;Male Characters;;Living Characters;225;Feb-64;1964
1356;Valerie Cooper (Earth-616);\/Valerie_Cooper_(Earth-616);Public Identity;Good Characters;Blue Eyes;Blond Hair;Female Characters;;Living Characters;225;Dec-83;1983
8844;Anna May (Earth-616);\/Anna_May_(Earth-616);No Dual Identity;Good Characters;Blue Eyes;White Hair;Female Characters;;Living Characters;224;Aug-64;1964
1471;Vlad Dracula (Earth-616);\/Vlad_Dracula_(Earth-616);No Dual Identity;Bad Characters;Red Eyes;White Hair;Male Characters;;Living Characters;223;Mar-51;1951
1389;Tandy Bowen (Earth-616);\/Tandy_Bowen_(Earth-616);Secret Identity;Good Characters;Blue Eyes;Blond Hair;Female Characters;;Living Characters;222;Mar-82;1982
2054;Monet St. Croix (Earth-616);\/Monet_St._Croix_(Earth-616);No Dual Identity;Good Characters;Brown Eyes;Black Hair;Female Characters;;Living Characters;221;Nov-94;1994
1684;Gamora (Earth-616);\/Gamora_(Earth-616);No Dual Identity;Neutral Characters;Yellow Eyes;Black Hair;Female Characters;;Living Characters;218;Jun-75;1975
10174;Amara Aquilla (Earth-616);\/Amara_Aquilla_(Earth-616);Secret Identity;Good Characters;Blue Eyes;Blond Hair;Female Characters;;Living Characters;217;Oct-83;1983
2590;Julia Carpenter (Earth-616);\/Julia_Carpenter_(Earth-616);Secret Identity;Good Characters;Blue Eyes;Strawberry Blond Hair;Female Characters;;Living Characters;212;Oct-84;1984
1654;Jane Foster (Earth-616);\/Jane_Foster_(Earth-616);No Dual Identity;Good Characters;Blue Eyes;Brown Hair;Female Characters;;Living Characters;211;Sep-62;1962
2482;Mortimer Toynbee (Earth-616);\/Mortimer_Toynbee_(Earth-616);Secret Identity;Neutral Characters;Black Eyes;Brown Hair;Male Characters;;Living Characters;210;Mar-64;1964
1080;Scott Lang (Earth-616);\/Scott_Lang_(Earth-616);Public Identity;Good Characters;Blue Eyes;Strawberry Blond Hair;Male Characters;;Living Characters;209;Mar-79;1979
1840;Paige Guthrie (Earth-616);\/Paige_Guthrie_(Earth-616);Secret Identity;Good Characters;Blue Eyes;Blond Hair;Female Characters;;Living Characters;207;Nov-84;1984
8648;Benjamin Parker (Earth-616);\/Benjamin_Parker_(Earth-616);No Dual Identity;Good Characters;Blue Eyes;Brown Hair;Male Characters;;Deceased Characters;205;Aug-62;1962
1117;Erik Josten (Earth-616);\/Erik_Josten_(Earth-616);Secret Identity;Good Characters;Brown Eyes;Red Hair;Male Characters;;Living Characters;204;Oct-65;1965
1122;Jeanne-Marie Beaubier (Earth-616);\/Jeanne-Marie_Beaubier_(Earth-616);Secret Identity;Good Characters;Blue Eyes;Black Hair;Female Characters;;Living Characters;203;Apr-79;1979
1027;Carl Creel (Earth-616);\/Carl_Creel_(Earth-616);Public Identity;Bad Characters;Blue Eyes;Bald;Male Characters;;Living Characters;202;Apr-64;1964
18854;Gloria Grant (Earth-616);\/Gloria_Grant_(Earth-616);No Dual Identity;;Brown Eyes;Black Hair;Female Characters;;Living Characters;202;Jan-75;1975
2528;Michael Twoyoungmen (Earth-616);\/Michael_Twoyoungmen_(Earth-616);Public Identity;Good Characters;Brown Eyes;Black Hair;Male Characters;;Living Characters;200;Apr-79;1979
119275;Hope Summers (Earth-616);\/Hope_Summers_(Earth-616);Secret Identity;Good Characters;Green Eyes;Red Hair;Female Characters;;Living Characters;200;Jan-08;2008
2470;Eric Masterson (Earth-616);\/Eric_Masterson_(Earth-616);Secret Identity;Good Characters;Blue Eyes;Blond Hair;Male Characters;;Deceased Characters;198;May-88;1988
1544;Alexander Power (Earth-616);\/Alexander_Power_(Earth-616);Secret Identity;Good Characters;Blue Eyes;Blond Hair;Male Characters;;Living Characters;197;Aug-84;1984
2501;Matthew Hawk (Earth-616);\/Matthew_Hawk_(Earth-616);Secret Identity;Good Characters;Blue Eyes;Brown Hair;Male Characters;;Deceased Characters;195;Nov-62;1962
1888;Jessica Jones (Earth-616);\/Jessica_Jones_(Earth-616);No Dual Identity;Good Characters;Brown Eyes;Brown Hair;Female Characters;;Living Characters;195;Sep-63;1963
1215;Frederick Dukes (Earth-616);\/Frederick_Dukes_(Earth-616);Public Identity;Bad Characters;Brown Eyes;Brown Hair;Male Characters;;Living Characters;194;Jan-64;1964
1204;Eric Brooks (Earth-616);\/Eric_Brooks_(Earth-616);Public Identity;Good Characters;Brown Eyes;Black Hair;Male Characters;;Living Characters;194;Jul-73;1973
1523;Eros (Earth-616);\/Eros_(Earth-616);Public Identity;Good Characters;Blue Eyes;Red Hair;Male Characters;;Living Characters;193;Feb-73;1973
1232;Madison Jeffries (Earth-616);\/Madison_Jeffries_(Earth-616);No Dual Identity;Good Characters;Brown Eyes;Black Hair;Male Characters;;Living Characters;193;Aug-83;1983
2099;Mandarin (Earth-616);\/Mandarin_(Earth-616);Secret Identity;Bad Characters;Blue Eyes;Black Hair;Male Characters;;Deceased Characters;190;Feb-64;1964
2006;The Wizard (Earth-616);\/The_Wizard_(Earth-616);Public Identity;Bad Characters;Hazel Eyes;Brown Hair;Male Characters;;Living Characters;189;Nov-62;1962
51769;Akihiro (Earth-616);\/Akihiro_(Earth-616);Secret Identity;Bad Characters;Blue Eyes;Black Hair;Male Characters;Bisexual Characters;Living Characters;189;Oct-06;2006
1943;Sergei Kravinoff (Earth-616);\/Sergei_Kravinoff_(Earth-616);Public Identity;Bad Characters;Brown Eyes;Black Hair;Male Characters;;Deceased Characters;188;Aug-64;1964
1315;Jonothon Starsmore (Earth-616);\/Jonothon_Starsmore_(Earth-616);Secret Identity;Good Characters;Brown Eyes;Brown Hair;Male Characters;;Living Characters;187;Nov-94;1994
1142;Helmut Zemo (Earth-616);\/Helmut_Zemo_(Earth-616);Public Identity;Bad Characters;Blue Eyes;Blond Hair;Male Characters;;Living Characters;184;Dec-73;1973
15901;Victor Borkowski (Earth-616);\/Victor_Borkowski_(Earth-616);Secret Identity;Good Characters;Brown Eyes;Black Hair;Male Characters;Homosexual Characters;Living Characters;184;Aug-03;2003
4368;Edward Leeds (Earth-616);\/Edward_Leeds_(Earth-616);Secret Identity;Neutral Characters;Blue Eyes;Brown Hair;Male Characters;;Deceased Characters;181;Nov-64;1964
1576;Ultron (Earth-616);\/Ultron_(Earth-616);No Dual Identity;Bad Characters;Red Eyes;No Hair;Male Characters;;Deceased Characters;181;Jul-68;1968
1386;Douglas Ramsey (Earth-616);\/Douglas_Ramsey_(Earth-616);Secret Identity;Good Characters;Blue Eyes;Blond Hair;Male Characters;;Living Characters;181;Mar-84;1984
2715;Quentin Beck (Earth-616);\/Quentin_Beck_(Earth-616);Secret Identity;Bad Characters;Blue Eyes;Bald;Male Characters;;Living Characters;180;Jun-64;1964
1822;Herbert Wyndham (Earth-616);\/Herbert_Wyndham_(Earth-616);Secret Identity;Neutral Characters;Brown Eyes;Brown Hair;Male Characters;;Living Characters;179;Nov-66;1966
39324;Julian Keller (Earth-616);\/Julian_Keller_(Earth-616);Public Identity;Good Characters;Blue Eyes;Black Hair;Male Characters;;Living Characters;179;Aug-03;2003
1981;Jack Russell (Earth-616);\/Jack_Russell_(Earth-616);Secret Identity;Good Characters;Blue Eyes;Red Hair;Male Characters;;Living Characters;178;Feb-72;1972
39972;Celeste Cuckoo (Earth-616);\/Celeste_Cuckoo_(Earth-616);Secret Identity;Good Characters;Blue Eyes;Blond Hair;Female Characters;;Living Characters;177;Nov-01;2001
1354;Valentina Allegra de Fontaine (Earth-616);\/Valentina_Allegra_de_Fontaine_(Earth-616);Secret Identity;Neutral Characters;Blue Eyes;Black Hair;Female Characters;;Living Characters;176;Aug-67;1967
2065;Ophelia Sarkissian (Earth-616);\/Ophelia_Sarkissian_(Earth-616);Secret Identity;Bad Characters;Green Eyes;Black Hair;Female Characters;;Living Characters;175;Feb-69;1969
1344;Colleen Wing (Earth-616);\/Colleen_Wing_(Earth-616);Public Identity;Good Characters;Blue Eyes;Auburn Hair;Female Characters;;Living Characters;175;Nov-74;1974
57563;Irma Cuckoo (Earth-616);\/Irma_Cuckoo_(Earth-616);Secret Identity;Good Characters;Blue Eyes;Black Hair;Female Characters;;Living Characters;175;Nov-01;2001
1184;Sebastian Shaw (Earth-616);\/Sebastian_Shaw_(Earth-616);No Dual Identity;Neutral Characters;Blue Eyes;Black Hair;Male Characters;;Living Characters;174;Jan-80;1980
57564;Phoebe Cuckoo (Earth-616);\/Phoebe_Cuckoo_(Earth-616);Secret Identity;Good Characters;Blue Eyes;Blond Hair;Female Characters;;Living Characters;174;Nov-01;2001
2376;Sage (Earth-616);\/Sage_(Earth-616);Secret Identity;Good Characters;Blue Eyes;Black Hair;Female Characters;;Living Characters;172;Apr-80;1980
2115;Valeria Richards (Earth-616);\/Valeria_Richards_(Earth-616);No Dual Identity;Good Characters;Blue Eyes;Blond Hair;Female Characters;;Living Characters;171;Feb-02;2002
194870;Donald Blake (Earth-616);\/Donald_Blake_(Earth-616);No Dual Identity;Good Characters;Blue Eyes;Blond Hair;Male Characters;;Living Characters;170;Aug-62;1962
1809;Hela (Earth-616);\/Hela_(Earth-616);Secret Identity;Bad Characters;Green Eyes;Black Hair;Female Characters;;Deceased Characters;170;Mar-64;1964
2024;Lilandra Neramani (Earth-616);\/Lilandra_Neramani_(Earth-616);No Dual Identity;Good Characters;Orange Eyes;Black Hair;Female Characters;;Deceased Characters;170;Feb-76;1976
1760;Henry Gyrich (Earth-616);\/Henry_Gyrich_(Earth-616);No Dual Identity;Bad Characters;Green Eyes;Red Hair;Male Characters;;Living Characters;170;Nov-77;1977
4877;Dwayne Taylor (Earth-616);\/Dwayne_Taylor_(Earth-616);Secret Identity;Good Characters;Brown Eyes;Black Hair;Male Characters;;Deceased Characters;169;Dec-89;1989
7975;Harold Hogan (Earth-616);\/Harold_Hogan_(Earth-616);No Dual Identity;Good Characters;Brown Eyes;Brown Hair;Male Characters;;Deceased Characters;166;Sep-63;1963
15257;Redwing (Earth-616);\/Redwing_(Earth-616);Public Identity;;Yellow Eyes;;Male Characters;;Living Characters;165;Sep-69;1969
1399;Christopher Powell (Earth-616);\/Christopher_Powell_(Earth-616);Secret Identity;Good Characters;Brown Eyes;Brown Hair;Male Characters;;Living Characters;165;Mar-91;1991
2178;Harvey Elder (Earth-616);\/Harvey_Elder_(Earth-616);Secret Identity;Bad Characters;Brown Eyes;Grey Hair;Male Characters;;Living Characters;164;Nov-61;1961
1140;Wolfgang von Strucker (Earth-616);\/Wolfgang_von_Strucker_(Earth-616);Public Identity;Bad Characters;Blue Eyes;Bald;Male Characters;;Deceased Characters;164;Jan-64;1964
2015;Dirk Garthwaite (Earth-616);\/Dirk_Garthwaite_(Earth-616);Secret Identity;Bad Characters;Blue Eyes;Brown Hair;Male Characters;;Living Characters;164;Jan-68;1968
2271;Pip Gofern (Earth-616);\/Pip_Gofern_(Earth-616);Secret Identity;Good Characters;Green Eyes;Red Hair;Male Characters;;Living Characters;163;Apr-75;1975
2428;Tony Masters (Earth-616);\/Tony_Masters_(Earth-616);Secret Identity;Neutral Characters;Brown Eyes;Brown Hair;Male Characters;;Living Characters;163;May-80;1980
19592;David Lieberman (Earth-616);\/David_Lieberman_(Earth-616);Secret Identity;Neutral Characters;Green Eyes;Brown Hair;Male Characters;;Deceased Characters;163;Nov-87;1987
1756;James Hudson (Earth-616);\/James_Hudson_(Earth-616);Secret Identity;Good Characters;Brown Eyes;Black Hair;Male Characters;;Living Characters;161;Feb-78;1978
1874;Miles Warren (Earth-616);\/Miles_Warren_(Earth-616);Secret Identity;Bad Characters;Green Eyes;No Hair;Male Characters;;Living Characters;160;Dec-65;1965
1715;Kallark (Earth-616);\/Kallark_(Earth-616);Public Identity;Neutral Characters;Blue Eyes;Blue Hair;Male Characters;;Living Characters;160;Oct-77;1977
1084;En Sabah Nur (Earth-616);\/En_Sabah_Nur_(Earth-616);Public Identity;Bad Characters;Red Eyes;Black Hair;Male Characters;;Deceased Characters;160;Jun-86;1986
2624;Shiro Yoshida (Earth-616);\/Shiro_Yoshida_(Earth-616);Public Identity;Good Characters;Black Eyes;Black Hair;Male Characters;;Living Characters;158;Jan-70;1970
2554;Silver Sablinova (Earth-616);\/Silver_Sablinova_(Earth-616);Secret Identity;Good Characters;Blue Eyes;Silver Hair;Female Characters;;Deceased Characters;158;Jun-85;1985
5398;Elvin Haliday (Earth-616);\/Elvin_Haliday_(Earth-616);Secret Identity;Good Characters;Brown Eyes;Bald;Male Characters;;Living Characters;158;Nov-90;1990
25255;James Bradley (Earth-616);\/James_Bradley_(Earth-616);Secret Identity;Good Characters;Blue Eyes;Black Hair;Male Characters;;Living Characters;158;;
2168;Calvin Zabo (Earth-616);\/Calvin_Zabo_(Earth-616);Secret Identity;Bad Characters;Brown Eyes;Brown Hair;Male Characters;;Living Characters;157;Dec-63;1963
1226;Frederick Myers (Earth-616);\/Frederick_Myers_(Earth-616);Secret Identity;Bad Characters;Brown Eyes;Brown Hair;Male Characters;;Living Characters;157;Jul-66;1966
2105;Mantis (Earth-616);\/Mantis_(Earth-616);Secret Identity;Good Characters;Green Eyes;Black Hair;Female Characters;;Living Characters;156;Jun-73;1973
1057;Marlene Alraune (Earth-616);\/Marlene_Alraune_(Earth-616);No Dual Identity;Good Characters;Blue Eyes;Blond Hair;Female Characters;;Living Characters;156;Jun-76;1976
1435;Rachel Leighton (Earth-616);\/Rachel_Leighton_(Earth-616);Secret Identity;Good Characters;Green Eyes;Brown Hair;Female Characters;;Living Characters;156;Oct-85;1985
119342;Veranke (Earth-616);\/Veranke_(Earth-616);No Dual Identity;Bad Characters;Green Eyes;Green Hair;Female Characters;;Deceased Characters;156;Jan-05;2005
2170;Nathaniel Essex (Earth-616);\/Nathaniel_Essex_(Earth-616);Secret Identity;Bad Characters;Red Eyes;Black Hair;Male Characters;;Living Characters;155;Sep-87;1987
1450;Anthony Druid (Earth-616);\/Anthony_Druid_(Earth-616);Public Identity;Good Characters;Green Eyes;Black Hair;Male Characters;;Deceased Characters;153;Jun-61;1961
68280;Cassandra Lang (Earth-616);\/Cassandra_Lang_(Earth-616);Public Identity;Good Characters;Blue Eyes;Blond Hair;Female Characters;;Deceased Characters;153;Apr-79;1979
1163;Beta Ray Bill (Earth-616);\/Beta_Ray_Bill_(Earth-616);No Dual Identity;Good Characters;White Eyes;No Hair;Male Characters;;Living Characters;153;Nov-83;1983
1958;Samuel Sterns (Earth-616);\/Samuel_Sterns_(Earth-616);Public Identity;Bad Characters;Red Eyes;Black Hair;Male Characters;;Deceased Characters;152;Dec-64;1964
1961;Leech (Earth-616);\/Leech_(Earth-616);Secret Identity;Good Characters;White Eyes;No Hair;Male Characters;;Living Characters;152;Mar-84;1984
2422;Glenn Talbot (Earth-616);\/Glenn_Talbot_(Earth-616);No Dual Identity;Neutral Characters;Blue Eyes;Brown Hair;Male Characters;;Deceased Characters;151;Nov-64;1964
15209;Bug (Earth-616);\/Bug_(Earth-616);Public Identity;Good Characters;Yellow Eyes;Green Hair;Male Characters;;Living Characters;151;Jan-79;1979
2494;Peter Petruski (Earth-616);\/Peter_Petruski_(Earth-616);Secret Identity;Bad Characters;Brown Eyes;Bald;Male Characters;;Living Characters;150;Jan-63;1963
2023;Julie Power (Earth-616);\/Julie_Power_(Earth-616);Secret Identity;Good Characters;Blue Eyes;Strawberry Blond Hair;Female Characters;Pansexual Characters;Living Characters;150;Aug-84;1984
2067;Giuletta Nefaria (Earth-616);\/Giuletta_Nefaria_(Earth-616);Secret Identity;Bad Characters;Grey Eyes;Black Hair;Female Characters;;Living Characters;149;Jan-68;1968
41613;Robert Ralston (Earth-616);\/Robert_Ralston_(Earth-616);No Dual Identity;Good Characters;Blue Eyes;Blond Hair;Male Characters;;Deceased Characters;148;May-63;1963
79494;Maximus (Earth-616);\/Maximus_(Earth-616);Secret Identity;Neutral Characters;Blue Eyes;Black Hair;Male Characters;;Living Characters;147;Feb-66;1966
1287;Genis-Vell (Earth-616);\/Genis-Vell_(Earth-616);Public Identity;Good Characters;Blue Eyes;Blond Hair;Male Characters;;Deceased Characters;147;Oct-93;1993
16501;Hisako Ichiki (Earth-616);\/Hisako_Ichiki_(Earth-616);Secret Identity;Good Characters;Black Eyes;Black Hair;Female Characters;;Living Characters;147;Oct-04;2004
1316;Dmitri Smerdyakov (Earth-616);\/Dmitri_Smerdyakov_(Earth-616);Secret Identity;Bad Characters;Variable Eyes;Variable Hair;Male Characters;;Living Characters;146;Mar-63;1963
9967;Eliot Franklin (Thunderball) (Earth-616);\/Eliot_Franklin_(Thunderball)_(Earth-616);Public Identity;Bad Characters;Brown Eyes;Black Hair;Male Characters;;Living Characters;146;Nov-74;1974
2058;X-51 (Earth-616);\/X-51_(Earth-616);Known to Authorities Identity;Good Characters;Red Eyes;Black Hair;Male Characters;;Living Characters;146;Jul-77;1977
2072;Madelyne Pryor (Earth-616);\/Madelyne_Pryor_(Earth-616);Public Identity;Bad Characters;Green Eyes;Red Hair;Female Characters;;Living Characters;146;Apr-83;1983
101355;Adolf Hitler (Earth-616);\/Adolf_Hitler_(Earth-616);No Dual Identity;Bad Characters;Brown Eyes;Brown Hair;Male Characters;;Deceased Characters;145;Sep-40;1940
2543;Herman Schultz (Earth-616);\/Herman_Schultz_(Earth-616);Public Identity;Bad Characters;Brown Eyes;Brown Hair;Male Characters;;Living Characters;145;Mar-67;1967
9819;Noriko Ashida (Earth-616);\/Noriko_Ashida_(Earth-616);Secret Identity;Good Characters;Brown Eyes;Black Hair;Female Characters;;Living Characters;145;Jan-04;2004
2320;Chen Lu (Earth-616);\/Chen_Lu_(Earth-616);Secret Identity;Bad Characters;Brown Eyes;Bald;Male Characters;;Living Characters;144;Jun-63;1963
1933;Ulysses Klaw (Earth-616);\/Ulysses_Klaw_(Earth-616);Public Identity;Bad Characters;Red Eyes;Bald;Male Characters;;Deceased Characters;143;Aug-66;1966
15904;Cessily Kincaid (Earth-616);\/Cessily_Kincaid_(Earth-616);Secret Identity;Good Characters;Silver Eyes;Red Hair;Female Characters;;Living Characters;143;Aug-03;2003
5592;Kyle Gibney (Earth-616);\/Kyle_Gibney_(Earth-616);Secret Identity;Neutral Characters;Blue Eyes;Blond Hair;Male Characters;;Deceased Characters;142;Aug-83;1983
2727;Jack Monroe (Earth-616);\/Jack_Monroe_(Earth-616);Public Identity;Good Characters;Brown Eyes;Brown Hair;Male Characters;;Deceased Characters;141;Dec-53;1953
2164;Madeline Joyce (Earth-616);\/Madeline_Joyce_(Earth-616);Secret Identity;Good Characters;Blue Eyes;Brown Hair;Female Characters;;Deceased Characters;140;Nov-43;1943
2175;George Tarleton (Earth-616);\/George_Tarleton_(Earth-616);Public Identity;Bad Characters;White Eyes;Brown Hair;Male Characters;;Living Characters;140;Sep-67;1967
1891;Jocasta (Earth-616);\/Jocasta_(Earth-616);No Dual Identity;Good Characters;Red Eyes;No Hair;Female Characters;;Living Characters;140;Aug-77;1977
2003;Peter Wisdom (Earth-616);\/Peter_Wisdom_(Earth-616);No Dual Identity;Good Characters;Blue Eyes;Black Hair;Male Characters;;Living Characters;140;Feb-95;1995
10309;Jeffrey Mace (Earth-616);\/Jeffrey_Mace_(Earth-616);Secret Identity;Good Characters;Blue Eyes;Black Hair;Male Characters;;Deceased Characters;139;Dec-40;1940
39133;Aquaria Neptunia (Earth-616);\/Aquaria_Neptunia_(Earth-616);Secret Identity;Good Characters;Blue Eyes;Blond Hair;Female Characters;;Living Characters;139;May-47;1947
1475;Dragon Man (Earth-616);\/Dragon_Man_(Earth-616);No Dual Identity;Good Characters;Grey Eyes;No Hair;Male Characters;;Living Characters;139;Feb-65;1965
2577;Narya (Earth-616);\/Narya_(Earth-616);Secret Identity;Good Characters;White Eyes;Blond Hair;Female Characters;;Living Characters;138;Apr-79;1979
7991;Burglar (Earth-616);\/Burglar_(Earth-616);Public Identity;Bad Characters;Blue Eyes;Blond Hair;Male Characters;;Deceased Characters;137;Aug-62;1962
83811;Dino Manelli (Earth-616);\/Dino_Manelli_(Earth-616);Public Identity;Good Characters;;Black Hair;Male Characters;;Deceased Characters;137;May-63;1963
1904;Peter Parker (Kaine) (Earth-616);\/Peter_Parker_(Kaine)_(Earth-616);Secret Identity;Good Characters;Hazel Eyes;Brown Hair;Male Characters;;Living Characters;137;Dec-94;1994
2225;Nightmare (Earth-616);\/Nightmare_(Earth-616);Secret Identity;Bad Characters;Black Eyes;Black Hair;Male Characters;;Living Characters;136;Jul-63;1963
2362;Ronan (Earth-616);\/Ronan_(Earth-616);No Dual Identity;Neutral Characters;Blue Eyes;Brown Hair;Male Characters;;Living Characters;136;Aug-67;1967
1071;Thomas Halloway (Earth-616);\/Thomas_Halloway_(Earth-616);Public Identity;Good Characters;Brown Eyes;White Hair;Male Characters;;Living Characters;135;Oct-39;1939
18135;Jasper Sitwell (Earth-616);\/Jasper_Sitwell_(Earth-616);Public Identity;Good Characters;Blue Eyes;Blond Hair;Male Characters;;Deceased Characters;134;May-66;1966
1352;Frank Payne (Earth-616);\/Frank_Payne_(Earth-616);Secret Identity;Neutral Characters;;Bald;Male Characters;;Living Characters;134;Jun-77;1977